0;47;6334
1;47;5786
2;92;4965
3;44;5107
4;29;9389
5;89;7702
6;37;7512
7;38;770
8;40;787
9;35;390
10;84;2045
11;39;2080
12;92;4018
13;81;7540
14;46;6744
15;54;7045
16;33;533
17;13;5971
18;73;9307
19;35;3553
20;15;4386
21;61;7841
22;36;1856
23;88;7967
24;30;695
25;56;2007
26;18;4475
27;6;5860
28;55;8254
29;35;6806
30;45;2938
31;93;4270
32;30;1275
33;64;201
34;68;7062
35;52;807
36;13;4298
37;29;4951
38;32;8786
39;17;6305
40;85;451
41;24;5439
42;21;4376
43;99;376
44;94;4936
45;54;6635
46;86;9745
47;75;9973
48;35;4371
49;65;752
50;12;2843
51;86;6312
52;40;5114
53;47;250
54;64;2370
55;69;1099
56;35;1181
57;4;5330
58;27;4313
59;1;8563
60;64;9364
61;70;7321
62;29;6592
63;1;7983
64;92;9587
65;14;3116
66;98;1117
67;32;6121
68;29;8215
69;84;7775
70;94;3493
71;28;9874
72;6;6663
73;16;9076
74;74;2162
75;39;5095
76;97;1637
77;38;9651
78;76;7979
79;23;3728
80;45;4445
81;26;9921
82;6;4721
83;2;2909
84;84;7955
85;30;4347
86;45;4510
87;92;713
88;44;4678
89;70;3609
90;46;7925
91;39;6361
92;77;6769
93;66;9149
94;68;8471
95;7;3003
96;58;2022
97;68;8803
98;38;9834
99;66;3177
100;9;5235
101;74;7249
102;70;1985
103;87;9541
104;48;542
105;35;7990
106;45;6857
107;71;8524
108;59;8986
109;89;1644
110;65;4231
111;25;1397
112;70;2098
113;69;2407
114;97;3708
115;2;8865
116;7;8875
117;81;4837
118;92;6883
119;40;3562
120;87;7620
121;98;1741
122;67;2719
123;33;2678
124;73;1110
125;54;4434
126;37;1855
127;21;8210
128;22;1013
129;65;4095
130;63;6156
131;77;3321
132;70;3919
133;41;4731
134;49;4855
135;79;1052
136;43;7449
137;58;756
138;24;5725
139;48;2552
140;22;1767
141;67;3381
142;25;8212
143;92;9269
144;24;6643
145;44;3217
146;79;6621
147;41;3572
148;53;450
149;3;7895
150;4;9266
151;98;5422
152;46;7668
153;88;9886
154;31;9543
155;1;4041
156;41;9442
157;50;184
158;7;6762
159;55;4115
160;88;2896
161;97;9600
162;73;8532
163;66;9654
164;96;5690
165;10;1933
166;87;9847
167;71;7397
168;10;7784
169;65;4991
170;64;4863
171;71;5259
172;49;9900
173;58;3695
174;42;9348
175;19;448
176;7;3104
177;93;5712
178;88;8292
179;79;2005
180;71;7546
181;3;5810
182;91;442
183;3;1588
184;90;2745
185;54;1547
186;98;6636
187;22;8547
188;66;5847
189;11;6958
190;31;6358
191;45;2815
192;80;7398
193;51;7366
194;23;8977
195;36;4147
196;60;501
197;14;3785
198;79;5088
199;25;2000
200;20;2474
201;45;950
202;79;4079
203;65;9364
204;22;6328
205;66;3689
206;40;7764
207;23;4917
208;22;5336
209;21;68
210;93;5840
211;16;8037
212;58;5664
213;53;3477
214;79;5068
215;60;8285
216;71;3793
217;66;8917
218;91;1790
219;15;4291
220;37;242
221;41;9540
222;31;5235
223;24;8982
224;80;8984
225;95;5808
226;15;3812
227;27;9166
228;14;576
229;64;6796
230;76;1475
231;9;6463
232;10;6544
233;38;6859
234;82;797
235;87;644
236;76;411
237;38;7396
238;77;5255
239;58;5925
240;57;1948
241;98;2780
242;95;9522
243;59;4323
244;73;3863
245;80;6754
246;67;6984
247;5;5801
248;53;8333
249;15;6427
250;51;2590
251;92;7770
252;11;6358
253;48;4748
254;80;4946
255;43;9879
256;36;1814
257;21;7310
258;44;6253
259;31;7352
260;9;3434
261;65;4569
262;59;4080
263;1;6511
264;42;7242
265;43;5147
266;7;9464
267;95;4554
268;4;4934
269;49;6864
270;66;2683
271;46;2688
272;7;9355
273;31;4249
274;99;713
275;73;2976
276;89;5869
277;16;8886
278;1;6958
279;13;9959
280;3;2220
281;43;5215
282;85;4988
283;43;488
284;45;1425
285;60;5684
286;82;6803
287;48;8995
288;7;9263
289;29;1330
290;78;9915
291;44;2272
292;86;7460
293;90;2574
294;59;5414
295;11;7923
296;21;4967
297;70;6089
298;46;1872
299;68;6471
300;91;6729
301;33;5452
302;74;5472
303;83;3189
304;43;470
305;71;7403
306;28;6342
307;42;7148
308;98;3875
309;79;5284
310;37;7821
311;52;7080
312;20;4207
313;24;4846
314;29;776
315;73;7420
316;55;1379
317;67;7724
318;68;1942
319;99;1529
320;59;7060
321;63;4762
322;9;4991
323;70;8231
324;5;2158
325;98;1836
326;31;4198
327;74;7001
328;45;2280
329;36;7619
330;67;3799
331;71;2843
332;10;100
333;70;7577
334;38;4600
335;89;2357
336;48;7821
337;84;6161
338;82;2345
339;2;9062
340;67;6072
341;34;4474
342;34;389
343;9;8091
344;39;3173
345;82;2315
346;85;4337
347;10;5447
348;33;6974
349;42;134
350;60;538
351;47;3498
352;30;980
353;9;5926
354;29;7224
355;77;3693
356;21;5543
357;3;7298
358;72;7615
359;82;8322
360;35;2060
361;13;8906
362;50;794
363;68;549
364;66;8326
365;13;2886
366;61;2144
367;98;2095
368;79;7583
369;57;7644
370;64;2625
371;22;5183
372;45;381
373;75;3753
374;97;424
375;29;8145
376;50;8032
377;72;996
378;92;7480
379;25;4457
380;20;3504
381;90;8335
382;73;5455
383;48;9046
384;9;1808
385;27;407
386;84;2264
387;92;9265
388;14;6224
389;94;2513
390;98;9202
391;73;6093
392;76;9284
393;44;8477
394;1;300
395;93;9878
396;89;4319
397;67;3237
398;48;6811
399;13;4932
400;98;5469
401;66;5292
402;33;1631
403;35;4311
404;18;1106
405;77;6560
406;75;964
407;45;666
408;91;5965
409;3;7001
410;64;7884
411;41;5841
412;20;1449
413;54;58
414;89;3287
415;51;1372
416;96;1208
417;36;9565
418;64;7404
419;71;2948
420;76;2616
421;6;3353
422;53;7519
423;61;9259
424;47;4656
425;75;429
426;99;1019
427;69;3822
428;79;9489
429;37;5987
430;73;7655
431;99;8580
432;47;9878
433;90;1008
434;34;4195
435;13;2685
436;17;5430
437;89;9008
438;12;8281
439;30;6085
440;90;3215
441;13;2668
442;46;3998
443;71;2720
444;74;8970
445;83;8613
446;49;4416
447;2;7277
448;5;8508
449;61;8199
450;24;6823
451;87;2646
452;40;3200
453;37;2761
454;93;7621
455;26;8204
456;68;3615
457;70;8026
458;7;1448
459;64;7468
460;92;1626
461;87;2803
462;37;3189
463;35;2350
464;71;9612
465;69;9160
466;47;3580
467;98;3906
468;66;9066
469;80;5432
470;28;632
471;1;6771
472;47;4196
473;1;1899
474;71;6254
475;96;3782
476;71;3427
477;28;7089
478;21;346
479;35;7209
480;6;5691
481;17;2183
482;98;6903
483;97;6886
484;55;8504
485;21;6290
486;5;5205
487;45;3567
488;27;1794
489;54;5379
490;8;7426
491;20;6417
492;93;3706
493;91;4771
494;28;9764
495;11;6243
496;86;6956
497;23;5142
498;10;3147
499;86;4101
500;99;6461
501;27;9450
502;89;3329
503;92;291
504;71;2349
505;95;1958
506;12;955
507;30;8162
508;19;4755
509;4;9933
510;5;182
511;80;1631
512;23;7765
513;43;6058
514;25;6124
515;37;1861
516;20;351
517;44;4083
518;71;8015
519;82;4773
520;27;6792
521;20;5577
522;25;602
523;8;8812
524;40;83
525;11;1139
526;73;7909
527;72;4594
528;18;4521
529;16;7544
530;87;5279
531;43;8135
532;6;4625
533;69;3219
534;79;1075
535;59;5351
536;66;1897
537;88;3342
538;21;1558
539;90;3812
540;66;3403
541;94;4378
542;96;6132
543;49;1952
544;94;9579
545;2;3442
546;43;9384
547;77;1266
548;69;1206
549;22;9182
550;98;1938
551;25;7837
552;9;3570
553;73;1483
554;62;6048
555;57;3822
556;37;1570
557;21;9093
558;13;6056
559;18;5228
560;65;4737
561;62;7598
562;74;8521
563;95;7544
564;43;1507
565;98;8438
566;67;1215
567;36;7692
568;72;6057
569;6;563
570;10;8030
571;52;5022
572;66;1883
573;15;4664
574;87;7220
575;45;3307
576;64;2605
577;9;1039
578;28;4297
579;36;574
580;95;1596
581;9;384
582;84;8703
583;57;2200
584;8;6288
585;39;7450
586;17;3491
587;12;2791
588;15;2522
589;95;2423
590;36;6124
591;56;3985
592;26;2981
593;3;4122
594;76;5625
595;59;7623
596;89;4358
597;1;6481
598;84;3429
599;48;565
600;51;2380
601;30;9380
602;71;1716
603;33;1790
604;93;7234
605;14;9062
606;38;8501
607;49;5426
608;27;1691
609;24;4385
610;86;3695
611;16;2345
612;39;3043
613;72;2380
614;38;1910
615;10;8470
616;69;3634
617;11;2886
618;19;3924
619;49;3062
620;87;3273
621;49;1241
622;63;4482
623;93;1105
624;72;3492
625;97;6537
626;11;4270
627;13;8133
628;46;9928
629;56;6757
630;90;1972
631;76;688
632;18;2788
633;86;3058
634;52;6520
635;39;5524
636;20;4401
637;31;4037
638;68;4711
639;34;8178
640;40;1908
641;86;4631
642;91;6459
643;29;3266
644;7;8248
645;13;4080
646;59;9382
647;43;4374
648;4;727
649;45;9438
650;48;2659
651;51;6492
652;35;800
653;4;8956
654;86;3817
655;84;9467
656;79;6079
657;18;6238
658;80;7881
659;30;1266
660;1;4649
661;83;4081
662;51;4493
663;62;3245
664;37;8031
665;60;9533
666;95;185
667;57;8354
668;22;5928
669;8;4852
670;30;364
671;35;4270
672;62;8889
673;12;8002
674;74;5485
675;33;5754
676;64;2206
677;39;6924
678;49;9135
679;71;6089
680;8;5327
681;26;851
682;73;591
683;15;8745
684;52;5694
685;27;9216
686;46;515
687;33;1855
688;91;2101
689;32;487
690;80;874
691;58;4173
692;29;6666
693;28;4262
694;98;688
695;72;9678
696;50;4957
697;76;436
698;6;5416
699;88;4294
700;58;2694
701;41;9796
702;12;5346
703;83;2019
704;57;3849
705;21;1569
706;69;3044
707;45;5056
708;60;563
709;77;7746
710;86;8147
711;61;4255
712;19;3324
713;52;7509
714;67;6249
715;28;4092
716;40;9236
717;25;116
718;66;5645
719;34;78
720;54;2055
721;84;8309
722;75;6704
723;49;8759
724;49;4187
725;14;8835
726;18;3756
727;6;6257
728;68;2799
729;27;9144
730;80;7573
731;49;1328
732;85;7196
733;89;2613
734;92;6713
735;68;7172
736;43;6693
737;37;9125
738;93;7873
739;93;8085
740;6;6200
741;46;8895
742;53;1904
743;60;2535
744;32;3243
745;96;9875
746;49;5232
747;68;3830
748;47;7602
749;53;6618
750;40;3226
751;79;7704
752;81;2437
753;9;8103
754;4;4124
755;30;8736
756;24;9340
757;39;9642
758;97;9122
759;52;998
760;8;3205
761;39;7977
762;85;319
763;11;4401
764;21;5161
765;37;310
766;65;2466
767;66;1151
768;92;2860
769;17;4190
770;99;468
771;22;5993
772;14;8476
773;75;2934
774;1;7702
775;83;5458
776;56;7087
777;5;7566
778;91;2325
779;92;198
780;68;7111
781;18;3871
782;63;2088
783;1;8301
784;91;6095
785;85;8878
786;47;5166
787;49;4887
788;30;7404
789;11;3624
790;30;6769
791;10;5950
792;78;1054
793;14;3606
794;91;6903
795;84;137
796;68;1598
797;93;2008
798;77;1645
799;14;101
800;78;7312
801;41;2299
802;53;4828
803;44;4828
804;70;7984
805;84;4581
806;66;4263
807;47;6095
808;33;7606
809;49;149
810;71;1816
811;37;2973
812;83;4852
813;99;4165
814;13;6903
815;67;9052
816;67;3620
817;56;1578
818;46;2277
819;37;7596
820;51;9788
821;54;2880
822;48;5434
823;39;9449
824;19;4427
825;89;3248
826;39;9516
827;73;3543
828;78;1531
829;54;1275
830;46;2506
831;26;2262
832;78;4959
833;58;4893
834;80;9098
835;42;8989
836;69;2211
837;83;7229
838;56;3200
839;58;7488
840;93;961
841;20;2505
842;79;7784
843;85;6971
844;47;1160
845;38;4780
846;95;1881
847;32;9878
848;88;5524
849;93;9434
850;60;2721
851;46;5697
852;35;6027
853;41;2096
854;33;6765
855;75;3879
856;78;3724
857;77;5542
858;71;8752
859;56;8204
860;76;5983
861;10;2206
862;25;3624
863;70;1537
864;20;6601
865;63;9780
866;59;78
867;34;5596
868;90;7527
869;61;2125
870;57;8580
871;49;6738
872;71;2175
873;87;3802
874;61;5302
875;94;8703
876;39;8420
877;60;404
878;12;1723
879;36;4410
880;7;5457
881;6;8287
882;89;1188
883;28;8116
884;2;2106
885;2;5961
886;48;6745
887;90;5287
888;65;6976
889;31;2217
890;13;192
891;27;2920
892;20;4539
893;97;8178
894;8;6599
895;94;6694
896;85;8351
897;46;495
898;54;6631
899;62;6939
900;34;6665
901;91;7654
902;13;2097
903;57;3672
904;67;5969
905;99;1975
906;24;4434
907;56;4762
908;56;5368
909;68;6460
910;3;2688
911;50;1753
912;67;3257
913;8;3352
914;38;6828
915;61;5493
916;2;2521
917;53;3834
918;45;6271
919;1;6489
920;26;8088
921;79;4441
922;98;2047
923;99;1018
924;28;1391
925;14;9750
926;78;9801
927;96;407
928;49;5745
929;73;7647
930;8;486
931;59;3959
932;99;8892
933;16;6696
934;44;9864
935;64;1344
936;57;4039
937;28;1825
938;97;7723
939;7;3004
940;52;1363
941;67;2405
942;34;4422
943;77;6579
944;83;7292
945;28;8662
946;27;9577
947;30;8117
948;17;8663
949;10;6276
950;5;2511
951;28;399
952;81;2211
953;88;2661
954;49;4507
955;34;5171
956;36;7834
957;71;4299
958;33;316
959;43;5682
960;94;3230
961;30;4691
962;86;3354
963;44;8771
964;19;2958
965;50;4082
966;19;4824
967;88;7338
968;56;1360
969;75;9432
970;25;610
971;6;3700
972;31;8870
973;48;9582
974;17;4606
975;96;7
976;65;6635
977;76;1065
978;57;9020
979;52;6660
980;20;6229
981;10;6950
982;38;9544
983;10;1302
984;18;6626
985;9;2894
986;92;1908
987;38;2178
988;29;3788
989;99;1153
990;31;3040
991;48;1319
992;51;5511
993;6;2860
994;59;1316
995;81;7133
996;28;9088
997;65;5781
998;72;1842
999;3;1639
1000;30;9757
1001;25;3019
1002;21;7094
1003;44;5251
1004;91;9553
1005;26;936
1006;14;3559
1007;60;6934
1008;83;8742
1009;62;7841
1010;32;6997
1011;64;2882
1012;74;2722
1013;31;978
1014;25;1547
1015;59;7185
1016;23;8885
1017;32;1219
1018;55;7564
1019;3;8665
1020;98;5767
1021;10;5879
1022;9;7159
1023;93;9223
1024;96;5212
1025;36;6058
1026;47;116
1027;84;1974
1028;10;5521
1029;95;7232
1030;82;1814
1031;39;6103
1032;57;2510
1033;37;5547
1034;71;6440
1035;12;3512
1036;25;339
1037;12;7043
1038;49;4354
1039;48;2383
1040;11;6284
1041;45;9820
1042;15;3828
1043;46;7598
1044;98;1279
1045;18;5957
1046;22;2423
1047;82;3902
1048;70;5867
1049;26;9061
1050;76;9504
1051;99;2277
1052;63;5625
1053;4;8062
1054;34;2590
1055;5;738
1056;4;9692
1057;87;316
1058;14;2313
1059;67;9453
1060;68;6914
1061;22;8005
1062;88;3171
1063;11;7674
1064;40;562
1065;6;103
1066;91;3496
1067;21;8388
1068;48;6877
1069;52;9406
1070;7;1951
1071;60;660
1072;78;3006
1073;54;8125
1074;48;4504
1075;97;5912
1076;62;1756
1077;83;4850
1078;94;7293
1079;27;9198
1080;54;1045
1081;10;6804
1082;93;1731
1083;18;969
1084;38;8595
1085;21;7414
1086;15;6408
1087;67;376
1088;48;3240
1089;98;515
1090;98;7108
1091;51;2419
1092;55;2706
1093;82;9249
1094;65;7818
1095;5;9807
1096;69;8953
1097;59;1616
1098;26;8981
1099;64;3223
1100;5;9534
1101;11;5610
1102;61;5133
1103;62;6226
1104;15;6844
1105;61;2626
1106;15;3089
1107;73;658
1108;53;3673
1109;56;6119
1110;27;8413
1111;97;5056
1112;89;3475
1113;81;9136
1114;68;1779
1115;59;2371
1116;57;5620
1117;49;7966
1118;60;5699
1119;3;3976
1120;49;6655
1121;69;5311
1122;8;2964
1123;18;5720
1124;63;6403
1125;39;6535
1126;38;3514
1127;14;6567
1128;33;5797
1129;6;3126
1130;94;7984
1131;32;2272
1132;5;8679
1133;94;1735
1134;64;6525
1135;90;8332
1136;4;8549
1137;79;3340
1138;62;1681
1139;58;7690
1140;68;5477
1141;70;6549
1142;57;8486
1143;23;6373
1144;28;7828
1145;89;7656
1146;61;8257
1147;76;5843
1148;33;9565
1149;91;4119
1150;94;272
1151;98;1426
1152;74;6674
1153;96;2031
1154;63;1019
1155;14;7707
1156;44;4818
1157;9;7237
1158;59;6228
1159;23;3985
1160;78;2292
1161;39;2968
1162;3;5721
1163;88;4624
1164;21;3448
1165;50;8388
1166;66;3646
1167;93;7360
1168;31;3930
1169;35;6123
1170;52;9334
1171;95;8320
1172;84;1072
1173;15;507
1174;81;3001
1175;50;1357
1176;64;8857
1177;60;2636
1178;62;9420
1179;65;27
1180;81;3965
1181;64;3953
1182;1;8286
1183;66;6776
1184;88;3729
1185;61;5188
1186;80;470
1187;97;8317
1188;92;4722
1189;25;9787
1190;29;6104
1191;42;6926
1192;26;4470
1193;89;9223
1194;96;559
1195;74;791
1196;28;3312
1197;75;7650
1198;18;4402
1199;37;5742
1200;40;3355
1201;77;4942
1202;90;1904
1203;73;3734
1204;52;6443
1205;21;9178
1206;95;3477
1207;26;7559
1208;63;5953
1209;74;7454
1210;66;645
1211;9;5768
1212;84;6469
1213;52;8043
1214;44;9022
1215;81;888
1216;46;492
1217;75;5085
1218;18;3816
1219;63;6046
1220;83;5665
1221;59;3835
1222;63;4341
1223;93;3213
1224;32;8685
1225;23;5075
1226;54;4307
1227;87;212
1228;97;1504
1229;20;1872
1230;88;4422
1231;42;8024
1232;65;2167
1233;46;7638
1234;87;3745
1235;40;185
1236;63;3414
1237;17;9761
1238;95;5276
1239;88;6804
1240;47;2141
1241;97;1227
1242;1;4828
1243;65;9149
1244;13;3061
1245;21;5413
1246;27;6559
1247;42;2434
1248;50;7810
1249;57;4507
1250;61;3119
1251;71;557
1252;44;208
1253;91;8482
1254;21;2876
1255;54;3136
1256;94;9639
1257;92;6027
1258;50;5300
1259;84;5208
1260;44;5576
1261;8;5151
1262;62;7213
1263;91;3595
1264;99;5663
1265;82;9074
1266;66;2070
1267;97;652
1268;39;801
1269;16;2882
1270;17;3611
1271;37;2100
1272;34;3165
1273;47;2374
1274;9;8976
1275;16;3528
1276;94;8733
1277;76;6065
1278;92;3555
1279;97;6967
1280;48;5075
1281;85;6318
1282;68;4363
1283;63;8779
1284;88;1406
1285;29;2515
1286;70;2141
1287;25;7285
1288;22;2292
1289;40;8848
1290;46;3219
1291;63;4770
1292;9;6295
1293;25;3007
1294;59;4133
1295;70;9402
1296;30;386
1297;89;483
1298;38;482
1299;24;2797
1300;4;939
1301;60;1850
1302;41;8597
1303;42;1686
1304;26;6544
1305;24;5773
1306;67;5490
1307;49;8858
1308;30;1772
1309;64;7805
1310;90;3095
1311;22;5143
1312;79;3392
1313;74;2101
1314;52;4606
1315;20;3799
1316;99;2972
1317;73;4460
1318;10;7975
1319;83;3292
1320;47;9013
1321;45;6961
1322;56;4816
1323;68;3987
1324;17;1918
1325;46;271
1326;34;6366
1327;71;35
1328;99;1873
1329;56;6328
1330;7;1507
1331;50;6909
1332;83;4421
1333;20;3660
1334;30;9432
1335;5;4123
1336;44;8839
1337;90;8145
1338;73;7873
1339;7;3794
1340;60;5314
1341;36;6009
1342;81;2414
1343;37;4562
1344;77;5065
1345;17;3345
1346;33;2742
1347;62;1026
1348;56;7641
1349;51;46
1350;44;2155
1351;56;9142
1352;75;7770
1353;31;2159
1354;38;9738
1355;56;603
1356;57;2428
1357;19;5296
1358;92;4970
1359;38;8615
1360;45;476
1361;3;1827
1362;46;8298
1363;91;3931
1364;57;2094
1365;37;6422
1366;32;1268
1367;64;4162
1368;16;994
1369;90;3393
1370;64;9246
1371;72;6833
1372;85;6161
1373;44;5111
1374;95;2102
1375;84;5223
1376;16;5886
1377;74;6370
1378;11;2947
1379;98;6204
1380;17;4695
1381;65;5032
1382;1;3832
1383;59;1731
1384;11;5698
1385;10;4522
1386;57;4434
1387;27;729
1388;35;3875
1389;97;8721
1390;91;2774
1391;64;6821
1392;54;3634
1393;15;9746
1394;5;8998
1395;34;5224
1396;69;9863
1397;19;3129
1398;25;5819
1399;60;8716
1400;10;2016
1401;30;9806
1402;97;825
1403;18;2007
1404;40;8150
1405;15;7348
1406;45;9760
1407;45;4134
1408;12;5502
1409;15;1815
1410;21;8214
1411;40;1508
1412;50;8259
1413;36;3547
1414;7;9183
1415;86;7410
1416;15;8174
1417;84;6897
1418;75;1560
1419;68;9118
1420;63;4432
1421;28;3156
1422;64;7205
1423;40;5838
1424;7;820
1425;95;693
1426;74;6616
1427;51;7828
1428;80;6976
1429;77;7268
1430;9;4507
1431;46;5497
1432;29;3442
1433;98;3576
1434;84;1313
1435;87;9139
1436;97;3748
1437;42;2435
1438;77;7387
1439;17;5297
1440;73;586
1441;5;9505
1442;21;2911
1443;43;8091
1444;15;9360
1445;51;39
1446;98;6432
1447;40;3316
1448;13;2446
1449;3;7461
1450;12;9355
1451;97;8458
1452;98;3270
1453;67;7414
1454;2;5765
1455;54;9970
1456;42;3042
1457;74;9037
1458;7;9807
1459;85;3342
1460;77;9000
1461;39;168
1462;59;1844
1463;45;9864
1464;43;9303
1465;53;5118
1466;60;855
1467;50;8662
1468;48;4649
1469;55;3666
1470;92;8744
1471;38;7894
1472;98;7969
1473;33;6111
1474;21;9901
1475;25;5888
1476;85;636
1477;1;1195
1478;13;4619
1479;15;9737
1480;64;2993
1481;59;6966
1482;52;2876
1483;4;2412
1484;42;4787
1485;87;730
1486;95;5271
1487;31;4000
1488;80;4203
1489;81;7722
1490;74;8093
1491;86;4071
1492;25;2528
1493;70;9380
1494;16;6759
1495;61;5290
1496;70;7952
1497;35;2529
1498;11;8603
1499;77;9103
1500;15;5190
1501;13;226
1502;91;9382
1503;53;3637
1504;26;2340
1505;20;5490
1506;86;4929
1507;11;7044
1508;41;6568
1509;34;4312
1510;83;1390
1511;43;5968
1512;64;6984
1513;41;1363
1514;83;9786
1515;81;9445
1516;82;2007
1517;87;2462
1518;17;9162
1519;47;1337
1520;99;5136
1521;55;475
1522;92;7295
1523;85;4670
1524;75;2679
1525;88;2442
1526;37;6852
1527;42;2031
1528;29;1965
1529;51;7969
1530;57;4844
1531;3;9135
1532;22;7482
1533;76;9714
1534;92;6775
1535;48;9487
1536;34;2146
1537;43;1818
1538;70;6507
1539;38;6599
1540;95;2723
1541;91;7389
1542;34;4412
1543;66;7210
1544;15;6051
1545;29;749
1546;13;582
1547;89;6740
1548;83;4531
1549;82;3538
1550;43;319
1551;58;2252
1552;63;5840
1553;11;4929
1554;76;8344
1555;16;9172
1556;17;5982
1557;97;3303
1558;89;3434
1559;91;9414
1560;8;1789
1561;99;9293
1562;78;4043
1563;88;3366
1564;14;3942
1565;4;2275
1566;88;5816
1567;7;1284
1568;88;877
1569;28;7158
1570;8;8474
1571;14;8681
1572;71;6862
1573;69;2028
1574;86;6515
1575;78;2246
1576;30;5329
1577;55;6643
1578;12;7152
1579;69;9498
1580;34;8215
1581;40;8936
1582;55;198
1583;14;4795
1584;94;1340
1585;43;1116
1586;64;7238
1587;5;7161
1588;87;5109
1589;86;4398
1590;93;2075
1591;16;5392
1592;15;7473
1593;46;6373
1594;88;7848
1595;97;676
1596;20;5194
1597;15;9413
1598;53;2540
1599;47;7476
1600;42;7491
1601;84;71
1602;48;9823
1603;16;4425
1604;34;8248
1605;33;1698
1606;41;3396
1607;18;3109
1608;5;8003
1609;98;8167
1610;21;3063
1611;14;1271
1612;34;7651
1613;56;942
1614;60;5358
1615;90;3907
1616;91;340
1617;2;59
1618;70;3914
1619;96;7212
1620;31;6411
1621;70;301
1622;28;6756
1623;58;5244
1624;55;5081
1625;41;2795
1626;70;898
1627;58;3592
1628;73;1589
1629;93;5479
1630;98;9681
1631;88;2686
1632;88;4116
1633;99;2300
1634;60;7322
1635;47;7287
1636;74;2338
1637;95;6466
1638;85;5183
1639;84;7287
1640;24;5224
1641;35;9254
1642;4;7468
1643;79;3194
1644;45;502
1645;96;7924
1646;85;6536
1647;6;519
1648;13;4663
1649;98;4095
1650;14;2147
1651;31;7598
1652;95;6353
1653;89;677
1654;67;8599
1655;35;8363
1656;79;5652
1657;14;6701
1658;39;1066
1659;20;1282
1660;84;7528
1661;50;3722
1662;92;7624
1663;77;3266
1664;58;5601
1665;78;7319
1666;51;3514
1667;41;6437
1668;37;5564
1669;38;378
1670;83;2307
1671;40;972
1672;17;9777
1673;44;3139
1674;42;9103
1675;58;2500
1676;80;2624
1677;65;2251
1678;96;6052
1679;55;3429
1680;94;6086
1681;70;2695
1682;76;3890
1683;73;6959
1684;90;8167
1685;53;357
1686;83;1844
1687;56;4189
1688;59;6147
1689;81;7963
1690;89;7087
1691;44;8867
1692;52;2099
1693;24;6893
1694;11;848
1695;57;7282
1696;64;3498
1697;22;7077
1698;77;2928
1699;20;2001
1700;6;2790
1701;67;3418
1702;75;7952
1703;44;7682
1704;81;3230
1705;54;5852
1706;2;2015
1707;88;5461
1708;42;3283
1709;51;2643
1710;5;593
1711;9;6573
1712;34;2193
1713;97;149
1714;20;4647
1715;96;1422
1716;96;2940
1717;30;5870
1718;89;747
1719;96;7297
1720;27;4821
1721;34;6263
1722;53;1570
1723;40;2235
1724;38;9685
1725;40;3233
1726;40;2586
1727;89;6348
1728;10;6494
1729;73;1433
1730;71;7435
1731;86;1227
1732;21;2031
1733;54;724
1734;70;9400
1735;26;6988
1736;36;1422
1737;44;8881
1738;25;9500
1739;25;4892
1740;26;1277
1741;93;9323
1742;73;8559
1743;65;849
1744;1;439
1745;62;7670
1746;42;9633
1747;7;2508
1748;23;673
1749;98;1935
1750;38;3739
1751;83;5976
1752;71;9403
1753;56;7375
1754;44;5858
1755;63;9178
1756;79;7967
1757;20;3494
1758;53;2149
1759;32;8384
1760;30;3646
1761;13;6721
1762;37;6044
1763;92;6500
1764;77;87
1765;85;7301
1766;53;2297
1767;34;360
1768;43;1682
1769;2;1795
1770;83;6248
1771;55;457
1772;57;94
1773;39;2788
1774;24;6560
1775;47;5087
1776;20;2185
1777;65;2909
1778;13;6385
1779;19;9720
1780;4;486
1781;40;7930
1782;63;6741
1783;78;8193
1784;58;1589
1785;4;2131
1786;24;8513
1787;50;8735
1788;59;2112
1789;42;6043
1790;1;6819
1791;61;4927
1792;98;5562
1793;75;3358
1794;84;3843
1795;28;1436
1796;48;976
1797;94;832
1798;57;3827
1799;15;4423
1800;53;4601
1801;11;3074
1802;86;9505
1803;67;6110
1804;81;9512
1805;94;3486
1806;57;3042
1807;49;1463
1808;96;5878
1809;85;8472
1810;14;38
1811;94;7571
1812;63;9034
1813;81;8092
1814;85;3608
1815;69;3886
1816;35;8802
1817;36;9124
1818;34;7405
1819;16;8747
1820;25;3657
1821;41;6529
1822;82;1937
1823;40;8409
1824;69;4049
1825;61;8943
1826;32;95
1827;94;3426
1828;56;5144
1829;24;9155
1830;95;1512
1831;48;3225
1832;37;4020
1833;16;4558
1834;29;4936
1835;64;3161
1836;16;5272
1837;83;3352
1838;46;2965
1839;36;2890
1840;87;1967
1841;96;1367
1842;73;1409
1843;17;1757
1844;14;7006
1845;92;5224
1846;45;4917
1847;50;8156
1848;57;2403
1849;79;8194
1850;69;1910
1851;92;2429
1852;60;5706
1853;66;9400
1854;46;7330
1855;45;6702
1856;79;9716
1857;64;2277
1858;29;9825
1859;87;7095
1860;18;6079
1861;56;3951
1862;19;4549
1863;32;6013
1864;31;2387
1865;14;5862
1866;91;7724
1867;28;2251
1868;34;8865
1869;15;8131
1870;56;2443
1871;88;2008
1872;26;1556
1873;34;7947
1874;18;2210
1875;18;2597
1876;21;2065
1877;25;8124
1878;13;4828
1879;12;6334
1880;74;3032
1881;65;3068
1882;18;2237
1883;22;6806
1884;92;802
1885;92;3039
1886;54;6516
1887;36;6813
1888;5;610
1889;59;47
1890;63;6440
1891;69;427
1892;20;8646
1893;67;51
1894;45;8093
1895;21;1331
1896;60;8102
1897;13;6186
1898;99;2958
1899;44;947
1900;15;3617
1901;16;2623
1902;45;8754
1903;6;400
1904;95;436
1905;1;580
1906;98;6840
1907;60;7500
1908;99;9060
1909;17;2649
1910;23;6156
1911;15;7106
1912;73;6992
1913;98;4915
1914;18;8850
1915;97;2998
1916;73;8898
1917;80;2167
1918;87;7656
1919;85;1254
1920;44;828
1921;42;6318
1922;86;7973
1923;62;6397
1924;49;6573
1925;65;7296
1926;32;62
1927;12;8381
1928;91;812
1929;24;8668
1930;28;6797
1931;59;2130
1932;34;9001
1933;28;7531
1934;88;1402
1935;44;7651
1936;60;1328
1937;34;4418
1938;47;2132
1939;61;4466
1940;72;199
1941;32;6382
1942;82;7302
1943;98;3048
1944;58;8012
1945;86;7751
1946;6;5508
1947;49;4588
1948;88;697
1949;70;1151
1950;10;3645
1951;39;8971
1952;88;1794
1953;24;8338
1954;13;5048
1955;4;7278
1956;67;9908
1957;41;2614
1958;91;9001
1959;75;7529
1960;56;581
1961;19;7658
1962;39;6795
1963;6;8823
1964;9;3016
1965;16;1944
1966;57;1252
1967;27;6849
1968;28;9735
1969;22;484
1970;92;5430
1971;82;7318
1972;81;6137
1973;51;9628
1974;5;1850
1975;40;178
1976;95;7211
1977;20;7335
1978;82;9572
1979;3;9737
1980;31;2857
1981;55;5528
1982;64;8532
1983;56;7178
1984;1;4580
1985;57;3259
1986;57;6241
1987;53;5390
1988;53;3386
1989;1;6404
1990;63;3661
1991;41;4439
1992;98;5954
1993;31;2196
1994;97;6773
1995;64;4404
1996;83;7503
1997;69;3893
1998;64;4224
1999;83;6409
2000;83;8011
2001;61;8731
2002;34;5341
2003;49;7257
2004;32;2571
2005;22;2034
2006;13;2727
2007;57;2062
2008;92;334
2009;86;2996
2010;42;5922
2011;44;9612
2012;15;4095
2013;81;9842
2014;53;380
2015;63;7763
2016;81;4769
2017;40;5768
2018;26;1519
2019;45;9228
2020;73;9359
2021;35;7259
2022;44;5387
2023;39;9577
2024;99;9411
2025;99;5931
2026;26;734
2027;78;8310
2028;82;1406
2029;31;5475
2030;45;4141
2031;52;9164
2032;65;7625
2033;76;7542
2034;44;698
2035;30;5450
2036;13;4908
2037;51;2578
2038;87;1870
2039;83;1196
2040;39;9541
2041;53;6590
2042;50;6381
2043;93;6790
2044;46;1278
2045;2;44
2046;25;8567
2047;93;8
2048;56;2953
2049;35;6633
2050;55;3074
2051;97;7801
2052;21;4341
2053;33;3946
2054;46;3171
2055;77;7804
2056;33;2792
2057;84;5247
2058;93;4964
2059;24;9968
2060;2;6020
2061;68;770
2062;80;956
2063;21;7898
2064;76;3172
2065;80;1318
2066;43;5836
2067;74;1002
2068;39;1277
2069;55;713
2070;59;7966
2071;65;2237
2072;99;2463
2073;3;6020
2074;76;1814
2075;65;2807
2076;39;3700
2077;86;7751
2078;44;3874
2079;47;8806
2080;32;6957
2081;82;5808
2082;99;2348
2083;55;3172
2084;90;1050
2085;51;6419
2086;26;564
2087;81;2547
2088;77;5392
2089;1;2768
2090;81;9304
2091;28;8080
2092;42;2914
2093;17;897
2094;97;8125
2095;39;5314
2096;75;2810
2097;83;859
2098;8;4084
2099;79;5241
2100;64;5374
2101;40;1018
2102;54;5240
2103;28;4257
2104;33;4877
2105;88;5207
2106;60;3372
2107;36;2030
2108;91;1937
2109;84;819
2110;99;8560
2111;20;2864
2112;96;4029
2113;12;5499
2114;73;6330
2115;5;9326
2116;5;4894
2117;41;2323
2118;58;6207
2119;85;9788
2120;80;6748
2121;28;6365
2122;78;7433
2123;30;2727
2124;19;5463
2125;63;3761
2126;85;6303
2127;46;452
2128;89;5979
2129;66;1012
2130;42;2162
2131;30;9751
2132;39;3054
2133;68;3331
2134;94;3020
2135;90;2152
2136;1;8879
2137;77;7542
2138;52;9121
2139;15;2796
2140;87;3015
2141;22;8479
2142;62;9215
2143;83;8388
2144;61;3129
2145;54;5098
2146;48;1007
2147;23;2887
2148;13;8786
2149;14;3485
2150;50;5267
2151;52;2296
2152;70;5611
2153;61;9079
2154;34;7128
2155;99;3780
2156;90;8596
2157;71;1874
2158;96;5251
2159;88;1426
2160;92;137
2161;89;8290
2162;86;2789
2163;73;6130
2164;4;4302
2165;29;6517
2166;44;1753
2167;16;8017
2168;88;7380
2169;22;2274
2170;79;4402
2171;98;7697
2172;84;3780
2173;70;92
2174;93;9472
2175;88;7219
2176;68;9888
2177;61;2430
2178;79;3945
2179;80;158
2180;95;2390
2181;60;4239
2182;11;4497
2183;73;3686
2184;14;9022
2185;14;9005
2186;66;1556
2187;11;232
2188;58;5801
2189;60;9331
2190;66;3001
2191;52;2714
2192;34;290
2193;52;340
2194;85;2670
2195;45;1261
2196;58;2590
2197;4;431
2198;96;5344
2199;28;732
2200;97;9517
2201;80;2491
2202;86;2994
2203;63;6540
2204;17;6136
2205;38;3050
2206;3;9282
2207;59;9644
2208;35;5187
2209;11;3207
2210;7;4153
2211;2;3316
2212;73;9578
2213;22;7033
2214;89;3737
2215;95;4343
2216;31;2293
2217;61;8336
2218;8;7710
2219;44;8674
2220;8;7045
2221;51;2405
2222;9;9584
2223;71;9724
2224;99;5798
2225;11;8091
2226;9;3277
2227;54;6182
2228;67;429
2229;51;7858
2230;31;5344
2231;71;1867
2232;84;617
2233;99;5088
2234;96;1999
2235;94;222
2236;70;3060
2237;46;5112
2238;59;9446
2239;97;5296
2240;60;8289
2241;34;5045
2242;86;1902
2243;61;9272
2244;10;445
2245;5;1644
2246;25;906
2247;16;5547
2248;62;8959
2249;52;6831
2250;12;7638
2251;71;2564
2252;6;7609
2253;38;6455
2254;36;7080
2255;67;4266
2256;54;6198
2257;42;7991
2258;4;2545
2259;10;3182
2260;1;6908
2261;48;4653
2262;13;523
2263;21;3435
2264;47;378
2265;37;6114
2266;54;4825
2267;91;2807
2268;97;6600
2269;22;2374
2270;48;1771
2271;76;9550
2272;61;5483
2273;1;8743
2274;89;7705
2275;44;9452
2276;14;4239
2277;59;4360
2278;80;8981
2279;1;865
2280;69;8941
2281;50;6332
2282;1;5996
2283;52;2523
2284;36;1477
2285;21;6586
2286;59;8819
2287;56;5522
2288;2;770
2289;55;7735
2290;20;4651
2291;96;8261
2292;56;6955
2293;92;802
2294;20;4766
2295;41;2927
2296;56;6413
2297;37;7968
2298;90;8850
2299;3;7222
2300;91;307
2301;63;6134
2302;83;9075
2303;37;3544
2304;84;8688
2305;75;2237
2306;38;3962
2307;45;6013
2308;63;9554
2309;95;909
2310;13;106
2311;88;7514
2312;7;3022
2313;37;7940
2314;77;4047
2315;17;2970
2316;2;3752
2317;95;9086
2318;5;1247
2319;88;5460
2320;18;6186
2321;57;4924
2322;73;1770
2323;7;4634
2324;7;7865
2325;47;7790
2326;62;6588
2327;98;2885
2328;50;1557
2329;60;5628
2330;61;6567
2331;16;2811
2332;98;7174
2333;39;3494
2334;58;6219
2335;87;8747
2336;54;3090
2337;85;7353
2338;92;8464
2339;28;5214
2340;75;1780
2341;48;1114
2342;86;3448
2343;17;3221
2344;29;132
2345;68;5530
2346;68;8095
2347;77;463
2348;60;3171
2349;74;5666
2350;14;1308
2351;51;4337
2352;18;3309
2353;60;966
2354;53;2031
2355;27;3373
2356;11;4982
2357;26;6084
2358;13;2499
2359;20;9518
2360;67;1935
2361;58;6611
2362;17;2251
2363;7;4616
2364;87;2945
2365;56;8886
2366;62;3830
2367;6;7866
2368;60;4863
2369;73;1112
2370;92;4220
2371;28;7213
2372;56;5125
2373;2;8112
2374;56;1136
2375;5;9411
2376;54;2700
2377;70;1100
2378;31;718
2379;91;1339
2380;19;2693
2381;77;5911
2382;68;2844
2383;14;761
2384;87;1259
2385;56;6020
2386;1;5802
2387;49;7792
2388;59;52
2389;53;8786
2390;8;1987
2391;6;5049
2392;30;8798
2393;93;1736
2394;35;1404
2395;19;2747
2396;67;5059
2397;56;2855
2398;38;1970
2399;27;2179
2400;25;6167
2401;80;4189
2402;52;4782
2403;94;4090
2404;66;4598
2405;59;4830
2406;81;6993
2407;93;3540
2408;73;9417
2409;88;6587
2410;4;2906
2411;79;7293
2412;83;4783
2413;62;7804
2414;71;6733
2415;26;6187
2416;55;7798
2417;19;1207
2418;14;9115
2419;69;3201
2420;89;8721
2421;39;5529
2422;95;8126
2423;86;1799
2424;92;304
2425;21;553
2426;91;8299
2427;21;5380
2428;58;2253
2429;80;6217
2430;89;3920
2431;57;4263
2432;89;5515
2433;80;5926
2434;96;3189
2435;20;5943
2436;59;8087
2437;61;3269
2438;95;6189
2439;33;2215
2440;19;3353
2441;97;7270
2442;12;8883
2443;96;4838
2444;44;9233
2445;6;8354
2446;87;1823
2447;69;3160
2448;13;9804
2449;77;2542
2450;13;7184
2451;3;9472
2452;42;8829
2453;46;1608
2454;29;2610
2455;35;4472
2456;14;5990
2457;19;278
2458;96;9015
2459;81;8069
2460;8;5327
2461;73;2556
2462;37;9791
2463;46;8917
2464;65;939
2465;78;4612
2466;50;8178
2467;68;1666
2468;57;4632
2469;57;5509
2470;38;257
2471;11;9949
2472;68;3708
2473;44;3646
2474;16;6426
2475;45;6357
2476;21;2970
2477;34;7833
2478;23;5011
2479;46;3520
2480;92;4541
2481;17;2267
2482;60;4252
2483;70;8974
2484;55;7978
2485;68;9104
2486;19;2655
2487;27;7003
2488;6;8624
2489;54;1169
2490;66;1745
2491;25;4908
2492;58;9512
2493;43;3263
2494;32;6720
2495;19;5006
2496;39;6774
2497;42;1494
2498;77;4004
2499;96;9579
2500;86;5624
2501;23;6573
2502;11;9520
2503;45;1398
2504;9;1300
2505;46;306
2506;20;8095
2507;40;443
2508;56;3355
2509;10;3041
2510;65;473
2511;41;6578
2512;97;1018
2513;55;1899
2514;25;1629
2515;24;3659
2516;35;7286
2517;77;4192
2518;21;9750
2519;51;7617
2520;15;8605
2521;15;7399
2522;51;5305
2523;12;9673
2524;66;2473
2525;62;5507
2526;14;1602
2527;37;1857
2528;18;5005
2529;88;3005
2530;74;9420
2531;98;8147
2532;53;2199
2533;27;4558
2534;9;6280
2535;11;9105
2536;52;7534
2537;56;4100
2538;18;8786
2539;28;4776
2540;63;756
2541;61;7961
2542;56;2384
2543;4;95
2544;66;1315
2545;51;801
2546;90;5716
2547;30;5767
2548;51;5249
2549;24;1034
2550;86;135
2551;73;1962
2552;57;5885
2553;83;4139
2554;17;3022
2555;93;6109
2556;71;3089
2557;35;5447
2558;16;9335
2559;31;2928
2560;31;9280
2561;31;4713
2562;10;266
2563;16;8554
2564;80;23
2565;64;2615
2566;87;1769
2567;35;9455
2568;95;5373
2569;46;369
2570;99;5138
2571;52;5580
2572;14;6372
2573;63;8849
2574;36;5977
2575;12;5687
2576;98;6471
2577;66;1995
2578;31;4225
2579;90;5793
2580;94;4268
2581;81;3611
2582;58;8082
2583;38;3637
2584;8;5250
2585;67;4843
2586;65;4017
2587;86;888
2588;8;4801
2589;92;3436
2590;29;8444
2591;65;8488
2592;71;5374
2593;60;8073
2594;14;4733
2595;88;1711
2596;83;9446
2597;8;3609
2598;94;4820
2599;23;5888
2600;32;127
2601;73;1052
2602;3;5855
2603;72;5030
2604;77;3804
2605;73;8475
2606;22;3028
2607;52;6217
2608;40;1399
2609;78;7961
2610;15;6019
2611;33;1370
2612;86;9975
2613;33;502
2614;20;3734
2615;34;3747
2616;46;6410
2617;66;6504
2618;18;8913
2619;30;3833
2620;88;2697
2621;59;7297
2622;2;4676
2623;71;6652
2624;9;3384
2625;85;7150
2626;15;7782
2627;55;8067
2628;97;1172
2629;38;9332
2630;22;6985
2631;54;4787
2632;12;357
2633;70;7331
2634;13;4699
2635;27;4294
2636;29;6123
2637;10;3973
2638;40;144
2639;83;4790
2640;90;7187
2641;51;4637
2642;80;9162
2643;27;8001
2644;29;2289
2645;24;425
2646;88;2675
2647;10;7715
2648;24;1109
2649;9;5121
2650;41;4703
2651;66;7297
2652;4;1384
2653;56;2056
2654;14;2093
2655;8;586
2656;28;6365
2657;22;8952
2658;33;1876
2659;19;8326
2660;68;5538
2661;16;5224
2662;42;3032
2663;5;4168
2664;55;6974
2665;96;1319
2666;23;9924
2667;49;9246
2668;73;6435
2669;84;9263
2670;20;3374
2671;30;317
2672;96;4186
2673;39;3620
2674;41;5288
2675;80;1527
2676;14;9275
2677;57;2357
2678;60;1947
2679;20;8550
2680;16;5044
2681;21;3719
2682;28;6875
2683;92;8208
2684;3;1071
2685;61;4095
2686;73;3080
2687;95;6771
2688;35;1646
2689;30;6566
2690;21;7816
2691;40;487
2692;78;9056
2693;90;3172
2694;76;592
2695;43;2337
2696;15;9483
2697;51;7831
2698;28;2746
2699;43;8844
2700;55;4065
2701;90;8378
2702;11;7374
2703;21;7519
2704;58;1549
2705;55;705
2706;61;411
2707;45;1627
2708;81;7317
2709;27;8441
2710;7;6027
2711;56;7244
2712;12;6791
2713;51;3162
2714;16;2452
2715;41;1029
2716;4;2797
2717;14;6358
2718;73;5732
2719;77;7686
2720;98;6699
2721;6;7673
2722;55;5410
2723;95;6039
2724;21;9166
2725;85;2648
2726;16;9778
2727;64;156
2728;89;4204
2729;10;7892
2730;81;366
2731;84;9968
2732;88;3304
2733;30;5110
2734;80;2783
2735;99;7836
2736;16;1324
2737;82;2610
2738;59;2883
2739;21;1519
2740;17;9502
2741;31;2278
2742;29;1030
2743;84;4212
2744;33;6958
2745;58;5769
2746;72;3003
2747;33;3521
2748;72;9988
2749;69;686
2750;9;6626
2751;59;9188
2752;57;2276
2753;13;1264
2754;66;1538
2755;78;5174
2756;41;2603
2757;3;7093
2758;86;61
2759;66;6121
2760;84;9632
2761;31;5038
2762;95;4496
2763;5;7627
2764;63;4118
2765;90;1810
2766;46;2625
2767;65;4899
2768;70;9686
2769;42;6392
2770;84;6977
2771;66;4224
2772;15;1271
2773;2;1771
2774;40;4266
2775;72;6111
2776;38;7176
2777;16;1477
2778;19;3152
2779;53;3283
2780;30;7265
2781;13;2135
2782;37;7329
2783;57;7724
2784;68;7400
2785;79;3516
2786;43;6423
2787;61;7507
2788;8;1975
2789;97;6875
2790;81;2658
2791;98;2218
2792;17;5544
2793;14;4292
2794;1;1615
2795;93;8909
2796;75;3659
2797;90;8159
2798;47;5158
2799;74;5509
2800;56;7452
2801;4;2594
2802;19;5365
2803;86;7745
2804;84;9680
2805;98;7482
2806;26;1208
2807;43;861
2808;54;6485
2809;13;7870
2810;14;5410
2811;17;4397
2812;22;6535
2813;13;2192
2814;76;7107
2815;50;4944
2816;1;7031
2817;33;797
2818;62;6097
2819;90;6415
2820;53;4068
2821;9;5738
2822;23;9232
2823;35;4460
2824;89;7476
2825;83;5703
2826;33;9677
2827;72;4070
2828;29;7864
2829;50;7197
2830;97;2092
2831;84;1393
2832;67;429
2833;46;3777
2834;56;3583
2835;58;320
2836;92;4520
2837;72;944
2838;27;9583
2839;84;3581
2840;61;2151
2841;62;4515
2842;74;4162
2843;33;1324
2844;43;2212
2845;26;7626
2846;71;4901
2847;29;2269
2848;92;5234
2849;83;66
2850;83;1442
2851;42;7929
2852;45;128
2853;11;49
2854;88;7865
2855;18;1522
2856;96;6707
2857;59;9734
2858;9;3831
2859;11;1365
2860;75;4781
2861;29;8619
2862;54;2323
2863;54;6600
2864;33;4458
2865;78;9365
2866;8;2574
2867;13;2958
2868;92;6703
2869;34;2016
2870;1;5456
2871;16;3440
2872;28;572
2873;78;3877
2874;53;432
2875;67;9139
2876;1;5480
2877;60;3765
2878;1;5754
2879;30;8150
2880;43;1961
2881;72;188
2882;83;8007
2883;34;2306
2884;22;5995
2885;44;721
2886;80;9931
2887;41;5210
2888;83;213
2889;43;2626
2890;5;8608
2891;88;4554
2892;7;7994
2893;10;2170
2894;57;221
2895;89;7434
2896;37;2995
2897;91;2477
2898;68;4034
2899;64;170
2900;55;5671
2901;19;7256
2902;2;1851
2903;87;3173
2904;5;868
2905;17;2067
2906;68;8635
2907;24;5600
2908;37;4053
2909;79;9632
2910;37;832
2911;7;9049
2912;70;6156
2913;54;1323
2914;60;3107
2915;69;2986
2916;70;8678
2917;85;1577
2918;47;726
2919;84;4565
2920;60;7884
2921;75;1723
2922;27;4517
2923;19;5911
2924;1;8126
2925;25;874
2926;10;5640
2927;48;7079
2928;2;4919
2929;85;2010
2930;40;7485
2931;82;8789
2932;91;1486
2933;75;41
2934;37;2063
2935;53;5997
2936;59;320
2937;33;9694
2938;88;4116
2939;90;9555
2940;88;4601
2941;56;1292
2942;54;8504
2943;51;1223
2944;99;8954
2945;37;766
2946;51;2996
2947;50;2688
2948;62;5601
2949;64;9450
2950;57;5339
2951;97;2754
2952;70;8886
2953;36;9952
2954;3;1113
2955;9;8250
2956;16;4441
2957;42;8954
2958;20;1332
2959;76;8302
2960;1;1239
2961;22;6699
2962;79;3789
2963;33;4175
2964;4;6772
2965;5;5234
2966;67;9293
2967;69;3304
2968;55;8832
2969;17;9030
2970;41;6186
2971;24;9438
2972;12;7988
2973;83;568
2974;83;8897
2975;69;9887
2976;24;2260
2977;66;5110
2978;45;7195
2979;17;2309
2980;32;1244
2981;31;9780
2982;18;3802
2983;40;1106
2984;90;4356
2985;98;274
2986;40;4602
2987;82;1523
2988;24;8173
2989;96;4187
2990;76;5730
2991;14;2607
2992;42;1891
2993;45;913
2994;31;4994
2995;47;5447
2996;82;6043
2997;61;5716
2998;35;8949
2999;63;5157
3000;1;788
3001;70;5738
3002;12;2078
3003;3;5246
3004;53;6231
3005;37;1157
3006;29;7612
3007;98;6466
3008;98;5529
3009;70;2498
3010;6;4791
3011;75;4376
3012;98;6326
3013;79;5830
3014;41;674
3015;58;1477
3016;98;3701
3017;21;4689
3018;27;9897
3019;38;9507
3020;18;5944
3021;71;7644
3022;87;7586
3023;46;2059
3024;90;9802
3025;39;1356
3026;83;2382
3027;55;6222
3028;81;6752
3029;99;638
3030;87;3750
3031;44;3461
3032;28;6747
3033;29;8811
3034;56;4511
3035;7;8870
3036;58;9554
3037;70;8227
3038;24;4936
3039;86;2288
3040;89;9818
3041;46;3779
3042;74;585
3043;28;9179
3044;60;5327
3045;19;3409
3046;77;4724
3047;32;9402
3048;92;5466
3049;9;6860
3050;86;997
3051;79;7274
3052;46;4922
3053;36;5166
3054;56;5987
3055;89;8370
3056;38;9517
3057;47;6571
3058;83;4478
3059;62;9779
3060;3;454
3061;60;4722
3062;93;6097
3063;55;2519
3064;30;3477
3065;37;5880
3066;87;6527
3067;67;2484
3068;50;2469
3069;79;6353
3070;33;6791
3071;13;7656
3072;74;3686
3073;97;7529
3074;99;7681
3075;91;6395
3076;19;329
3077;88;3668
3078;80;9392
3079;51;3698
3080;41;994
3081;8;8356
3082;71;8511
3083;62;3224
3084;8;3477
3085;18;9745
3086;30;8710
3087;48;4788
3088;32;4843
3089;32;8175
3090;8;5989
3091;87;9863
3092;60;9323
3093;22;5629
3094;64;3109
3095;91;2141
3096;54;5716
3097;81;1330
3098;93;9116
3099;55;7865
3100;40;8063
3101;13;1888
3102;23;2118
3103;58;7371
3104;88;4479
3105;23;323
3106;30;8286
3107;49;347
3108;61;7521
3109;29;9648
3110;23;9701
3111;55;5084
3112;93;1582
3113;59;2280
3114;32;3623
3115;31;8508
3116;90;6390
3117;45;3060
3118;66;411
3119;15;6064
3120;51;2005
3121;86;7592
3122;67;5873
3123;25;7674
3124;93;896
3125;95;9554
3126;84;1763
3127;56;2724
3128;32;6134
3129;56;1673
3130;28;3286
3131;25;5796
3132;96;9552
3133;21;8128
3134;57;2008
3135;33;8920
3136;30;9699
3137;53;5346
3138;62;6241
3139;47;5209
3140;84;2874
3141;4;2789
3142;77;4676
3143;16;7609
3144;62;3966
3145;96;9449
3146;2;5676
3147;73;9942
3148;78;2752
3149;21;2392
3150;81;7265
3151;7;8519
3152;27;1003
3153;3;7349
3154;83;3507
3155;91;6251
3156;12;7364
3157;66;4063
3158;16;1163
3159;76;8431
3160;69;5275
3161;1;4541
3162;22;5870
3163;3;8966
3164;69;9097
3165;68;4912
3166;68;1611
3167;41;640
3168;8;3762
3169;46;9078
3170;20;5994
3171;59;3973
3172;87;5058
3173;67;1171
3174;31;5948
3175;75;5449
3176;8;7537
3177;5;9255
3178;59;6079
3179;35;9368
3180;76;5697
3181;59;7629
3182;24;9817
3183;74;6424
3184;17;9644
3185;83;4103
3186;96;8586
3187;92;7531
3188;6;4840
3189;85;3749
3190;41;3148
3191;55;9500
3192;80;4293
3193;68;1293
3194;78;3412
3195;28;9551
3196;52;2122
3197;91;7505
3198;58;2976
3199;12;9971
3200;40;253
3201;14;3486
3202;2;600
3203;86;9953
3204;89;5642
3205;88;9737
3206;60;9294
3207;29;6155
3208;19;8824
3209;10;6849
3210;31;2304
3211;3;6624
3212;18;3066
3213;68;2706
3214;12;2963
3215;43;4708
3216;34;5785
3217;5;9998
3218;33;2759
3219;58;3018
3220;97;828
3221;28;3011
3222;59;39
3223;87;7243
3224;78;3057
3225;47;8777
3226;85;3447
3227;48;2174
3228;98;3363
3229;4;1666
3230;61;9606
3231;72;7088
3232;97;3204
3233;23;1835
3234;63;8875
3235;7;4859
3236;22;6545
3237;12;1303
3238;51;9658
3239;63;5632
3240;22;5123
3241;37;3944
3242;41;9966
3243;95;9790
3244;99;5322
3245;82;791
3246;23;2510
3247;20;1755
3248;12;482
3249;29;6569
3250;17;5817
3251;20;4551
3252;54;2607
3253;69;7178
3254;35;6124
3255;24;5486
3256;14;4722
3257;49;1058
3258;1;6568
3259;60;4132
3260;98;6659
3261;51;4229
3262;49;5710
3263;61;392
3264;15;6710
3265;25;6348
3266;67;6165
3267;87;3075
3268;49;4761
3269;86;8478
3270;71;8975
3271;36;5912
3272;33;5393
3273;16;4172
3274;15;4058
3275;55;9987
3276;81;738
3277;42;4846
3278;16;9691
3279;26;3932
3280;44;4758
3281;71;1576
3282;44;5634
3283;42;8563
3284;41;6530
3285;46;4409
3286;94;1818
3287;67;5491
3288;54;3766
3289;28;7464
3290;81;5879
3291;97;7472
3292;89;2827
3293;25;2823
3294;93;5287
3295;16;5611
3296;29;8852
3297;50;8546
3298;65;7780
3299;32;6026
3300;61;9871
3301;32;5678
3302;85;7614
3303;24;2898
3304;79;2883
3305;16;3004
3306;30;6499
3307;52;735
3308;20;7842
3309;23;6389
3310;25;4953
3311;9;2920
3312;42;1878
3313;7;7437
3314;84;4288
3315;96;5965
3316;22;9044
3317;40;3105
3318;65;7793
3319;52;3818
3320;30;4270
3321;54;7083
3322;52;3587
3323;80;5635
3324;28;3978
3325;17;4635
3326;72;5907
3327;79;5816
3328;88;6782
3329;37;4141
3330;42;6185
3331;86;160
3332;88;8710
3333;56;9223
3334;38;6727
3335;88;7727
3336;64;8793
3337;67;8585
3338;21;6490
3339;45;9985
3340;74;3369
3341;28;6125
3342;86;6185
3343;84;8414
3344;72;1345
3345;42;8934
3346;57;1587
3347;93;4582
3348;21;647
3349;28;7522
3350;80;9203
3351;39;5428
3352;9;6137
3353;49;5930
3354;44;2285
3355;95;9117
3356;2;3217
3357;16;2415
3358;29;1503
3359;82;6000
3360;93;9763
3361;37;7084
3362;6;5315
3363;99;1252
3364;98;9291
3365;26;5640
3366;64;7865
3367;29;4574
3368;64;7666
3369;94;1586
3370;30;6239
3371;14;7659
3372;38;184
3373;13;3589
3374;27;8795
3375;32;8223
3376;23;6648
3377;26;6307
3378;44;2204
3379;65;9918
3380;25;4136
3381;74;9708
3382;25;8926
3383;85;2417
3384;48;3304
3385;45;5030
3386;65;5252
3387;49;6638
3388;12;8080
3389;87;3299
3390;84;7854
3391;72;8562
3392;3;5140
3393;36;1696
3394;25;531
3395;19;7863
3396;13;9057
3397;88;5474
3398;68;3509
3399;63;9249
3400;8;7343
3401;31;8808
3402;11;8545
3403;13;442
3404;37;5166
3405;67;5006
3406;98;7646
3407;47;4555
3408;30;8379
3409;6;1014
3410;48;75
3411;89;7652
3412;41;8506
3413;78;9646
3414;26;4435
3415;46;7185
3416;71;26
3417;32;9406
3418;26;5786
3419;50;869
3420;75;7462
3421;62;6648
3422;85;6382
3423;70;5119
3424;75;4144
3425;51;3944
3426;18;1112
3427;45;2057
3428;99;630
3429;44;3412
3430;38;3099
3431;54;1525
3432;76;4415
3433;58;4859
3434;82;8001
3435;92;209
3436;73;8956
3437;51;2999
3438;58;7075
3439;39;5938
3440;58;5561
3441;55;5228
3442;17;1823
3443;67;3401
3444;3;5499
3445;65;5368
3446;98;161
3447;42;3811
3448;10;3617
3449;18;2579
3450;28;8508
3451;60;3186
3452;1;3236
3453;94;2798
3454;31;512
3455;6;3815
3456;80;4152
3457;67;934
3458;99;2851
3459;39;5497
3460;94;1067
3461;60;2031
3462;22;3498
3463;9;6509
3464;65;8707
3465;17;7578
3466;29;7695
3467;66;637
3468;21;258
3469;74;8977
3470;1;1001
3471;75;3571
3472;16;5187
3473;22;4024
3474;99;8521
3475;60;3517
3476;21;6139
3477;35;5868
3478;55;4425
3479;73;7639
3480;82;8906
3481;57;9141
3482;76;3229
3483;72;1222
3484;6;3594
3485;80;965
3486;13;355
3487;83;7545
3488;38;1852
3489;33;9415
3490;63;8852
3491;79;3880
3492;86;8367
3493;37;1043
3494;47;3202
3495;98;1495
3496;8;9611
3497;50;6950
3498;53;8586
3499;27;4753
3500;58;6463
3501;28;7372
3502;45;9361
3503;81;2238
3504;29;7128
3505;52;7512
3506;75;937
3507;61;1135
3508;95;9116
3509;56;4792
3510;35;1738
3511;62;8479
3512;44;1864
3513;35;1075
3514;70;9835
3515;70;6385
3516;83;8247
3517;8;9820
3518;41;9128
3519;14;7558
3520;17;5436
3521;82;9806
3522;28;2059
3523;60;262
3524;52;8083
3525;44;6511
3526;92;6517
3527;61;2803
3528;24;6038
3529;12;5999
3530;78;9795
3531;14;5131
3532;74;6132
3533;71;7144
3534;72;2747
3535;90;4021
3536;80;6442
3537;50;9437
3538;96;3934
3539;28;4208
3540;66;3723
3541;2;6124
3542;7;7909
3543;86;4712
3544;64;1417
3545;81;9454
3546;25;9510
3547;99;8643
3548;27;4540
3549;61;1684
3550;82;4127
3551;73;8094
3552;97;6887
3553;42;6521
3554;23;4231
3555;46;7666
3556;23;8951
3557;67;1924
3558;9;4993
3559;22;2578
3560;40;5525
3561;6;2468
3562;3;8041
3563;25;6908
3564;2;8737
3565;59;5956
3566;6;662
3567;37;2789
3568;64;2806
3569;93;1142
3570;28;2729
3571;62;6207
3572;25;8187
3573;63;8761
3574;23;7818
3575;20;8325
3576;62;5710
3577;60;4341
3578;46;9567
3579;30;8571
3580;88;7176
3581;87;3164
3582;92;9559
3583;43;4512
3584;53;9645
3585;54;1113
3586;32;1240
3587;78;8829
3588;32;6730
3589;52;4641
3590;91;1542
3591;89;9332
3592;46;471
3593;5;9654
3594;1;8813
3595;88;7107
3596;19;4373
3597;27;5392
3598;36;3395
3599;9;9745
3600;28;1007
3601;92;7396
3602;94;7225
3603;35;4094
3604;62;8074
3605;73;1311
3606;4;3289
3607;59;7188
3608;2;9398
3609;81;202
3610;61;6486
3611;31;9498
3612;2;5212
3613;91;7525
3614;57;5697
3615;68;9757
3616;14;7183
3617;77;9837
3618;75;9279
3619;33;8742
3620;85;7069
3621;53;2439
3622;99;2885
3623;80;9273
3624;13;7309
3625;86;852
3626;73;335
3627;80;8529
3628;85;1681
3629;18;6014
3630;22;9394
3631;40;4327
3632;30;3139
3633;9;3127
3634;1;2799
3635;71;3546
3636;82;7385
3637;16;4846
3638;87;8097
3639;70;966
3640;27;9026
3641;86;9386
3642;3;2571
3643;23;4895
3644;51;8200
3645;4;2558
3646;11;2588
3647;85;4308
3648;58;5325
3649;16;5910
3650;61;5628
3651;15;9870
3652;95;9408
3653;67;9078
3654;28;1838
3655;16;1376
3656;47;7271
3657;33;2015
3658;60;3854
3659;84;4550
3660;38;3972
3661;73;7099
3662;10;2610
3663;67;2392
3664;79;5378
3665;15;126
3666;5;5643
3667;72;3350
3668;49;1495
3669;66;1285
3670;35;9426
3671;7;762
3672;37;4849
3673;74;8424
3674;21;1757
3675;60;6939
3676;87;6763
3677;83;6665
3678;83;8329
3679;1;9878
3680;64;3463
3681;16;5251
3682;68;9391
3683;17;3813
3684;56;1666
3685;92;4430
3686;33;5105
3687;47;538
3688;10;9141
3689;99;3431
3690;74;6731
3691;17;1185
3692;34;1679
3693;59;826
3694;27;756
3695;16;3539
3696;4;3902
3697;10;1962
3698;18;6188
3699;5;4208
3700;98;8181
3701;84;3508
3702;58;1182
3703;71;4961
3704;41;1685
3705;72;2514
3706;74;3501
3707;83;3966
3708;99;5158
3709;73;3011
3710;29;952
3711;2;5779
3712;13;2348
3713;93;565
3714;91;8679
3715;31;4698
3716;84;7732
3717;64;6462
3718;94;221
3719;50;7174
3720;71;4678
3721;93;1500
3722;27;5366
3723;89;9123
3724;46;9362
3725;51;6537
3726;10;4472
3727;58;8409
3728;71;8885
3729;79;746
3730;81;6275
3731;16;2248
3732;95;7923
3733;60;3677
3734;40;787
3735;19;6107
3736;30;7963
3737;62;8104
3738;57;2170
3739;99;3431
3740;31;6376
3741;13;1087
3742;64;8520
3743;42;3498
3744;29;8077
3745;38;1612
3746;19;8581
3747;90;8078
3748;95;3973
3749;6;2246
3750;43;5171
3751;55;9493
3752;35;9418
3753;45;2236
3754;56;4702
3755;18;5852
3756;4;7276
3757;62;3097
3758;85;4701
3759;8;5946
3760;65;2247
3761;20;1983
3762;77;5344
3763;27;9663
3764;34;9456
3765;12;8814
3766;57;2561
3767;21;4103
3768;26;5702
3769;64;4620
3770;65;9237
3771;38;4023
3772;43;1938
3773;89;923
3774;89;8250
3775;56;2188
3776;91;7113
3777;34;3816
3778;91;5576
3779;78;3440
3780;26;3142
3781;56;8119
3782;36;4322
3783;31;7622
3784;83;6403
3785;90;4874
3786;49;7572
3787;6;9515
3788;86;5614
3789;31;4985
3790;16;5444
3791;65;6165
3792;17;9829
3793;85;5865
3794;95;8482
3795;51;6389
3796;97;6365
3797;23;4599
3798;93;6345
3799;80;7622
3800;58;1380
3801;50;5340
3802;33;2606
3803;23;6797
3804;39;7060
3805;50;9992
3806;42;9374
3807;35;6825
3808;72;8449
3809;63;8600
3810;76;5569
3811;86;4930
3812;28;5415
3813;47;6161
3814;68;1755
3815;22;5003
3816;2;6910
3817;35;8948
3818;90;2247
3819;45;7329
3820;65;9784
3821;52;7418
3822;70;3900
3823;16;6539
3824;70;8255
3825;12;2184
3826;45;8090
3827;79;8922
3828;59;3641
3829;42;1833
3830;74;9867
3831;83;888
3832;6;438
3833;33;5416
3834;14;2388
3835;36;4522
3836;36;382
3837;51;4789
3838;11;1379
3839;49;112
3840;41;1396
3841;37;9228
3842;16;7424
3843;14;2033
3844;89;2231
3845;11;2532
3846;49;9022
3847;37;3394
3848;38;5070
3849;54;667
3850;49;6440
3851;96;8557
3852;98;937
3853;52;2380
3854;66;7750
3855;83;9291
3856;8;1637
3857;84;6154
3858;21;2807
3859;10;9229
3860;43;5157
3861;34;5700
3862;74;2966
3863;18;7852
3864;86;9979
3865;82;7281
3866;95;7592
3867;86;8286
3868;71;2847
3869;80;8611
3870;87;9514
3871;20;1522
3872;16;5924
3873;81;9318
3874;16;3636
3875;20;5776
3876;21;1047
3877;57;5775
3878;24;2058
3879;81;8795
3880;10;9601
3881;34;9119
3882;58;6679
3883;90;2992
3884;73;370
3885;35;9214
3886;48;770
3887;21;2311
3888;30;9318
3889;35;7858
3890;23;4650
3891;20;926
3892;29;3809
3893;57;408
3894;56;5307
3895;24;7155
3896;85;8740
3897;10;8727
3898;92;6425
3899;71;1368
3900;80;7367
3901;95;4962
3902;81;3090
3903;45;7374
3904;61;383
3905;84;6852
3906;79;5694
3907;38;6637
3908;84;3703
3909;90;9683
3910;45;1712
3911;37;9223
3912;70;7416
3913;83;8927
3914;92;8595
3915;5;3866
3916;3;9171
3917;50;2481
3918;28;991
3919;61;5564
3920;76;5346
3921;25;2590
3922;11;3411
3923;2;5423
3924;4;9053
3925;27;6628
3926;63;7018
3927;18;4476
3928;53;4321
3929;81;4601
3930;59;6568
3931;61;8617
3932;9;5880
3933;51;9857
3934;72;9164
3935;70;2645
3936;35;8261
3937;79;1814
3938;8;2110
3939;16;5272
3940;70;5702
3941;80;7071
3942;92;2479
3943;13;5158
3944;22;5426
3945;77;7467
3946;33;1773
3947;85;7210
3948;60;2555
3949;32;1669
3950;61;1790
3951;17;3837
3952;98;747
3953;42;9423
3954;35;1969
3955;42;8974
3956;73;5224
3957;2;8904
3958;80;4578
3959;38;9320
3960;33;4033
3961;6;1304
3962;80;8245
3963;32;1201
3964;86;2719
3965;35;7057
3966;26;5368
3967;11;4631
3968;90;8679
3969;78;4733
3970;37;3715
3971;29;5091
3972;34;9109
3973;81;820
3974;45;3912
3975;11;5495
3976;75;7728
3977;67;9221
3978;68;101
3979;94;5777
3980;84;3226
3981;82;9929
3982;85;5518
3983;26;6728
3984;93;2111
3985;78;677
3986;85;7925
3987;43;7947
3988;11;5362
3989;24;6678
3990;13;2340
3991;64;1895
3992;52;2197
3993;61;3956
3994;86;9967
3995;71;7807
3996;44;4319
3997;92;3137
3998;48;9061
3999;23;4819
4000;26;9429
4001;76;9785
4002;18;9869
4003;33;1964
4004;74;5539
4005;3;2178
4006;99;7531
4007;79;7115
4008;59;6530
4009;20;3995
4010;48;202
4011;48;4687
4012;12;4706
4013;4;5614
4014;4;5472
4015;48;4157
4016;58;3806
4017;30;415
4018;14;5327
4019;14;4056
4020;70;7836
4021;20;9868
4022;42;7536
4023;82;6312
4024;60;4572
4025;58;4476
4026;43;5191
4027;11;7572
4028;75;8998
4029;74;9010
4030;98;1044
4031;36;5194
4032;81;9294
4033;65;4218
4034;71;9230
4035;68;8627
4036;61;1697
4037;27;920
4038;51;7351
4039;84;4418
4040;84;2103
4041;27;2157
4042;81;6317
4043;69;7171
4044;75;9345
4045;76;1891
4046;16;4996
4047;16;4542
4048;38;9337
4049;70;5742
4050;5;3534
4051;87;5090
4052;37;2806
4053;48;2666
4054;27;9973
4055;76;7404
4056;11;1127
4057;80;577
4058;70;829
4059;20;3104
4060;61;2133
4061;50;8708
4062;41;3829
4063;11;172
4064;93;1155
4065;51;3279
4066;66;1428
4067;9;809
4068;21;7839
4069;81;9127
4070;2;4973
4071;55;8011
4072;61;0
4073;52;7388
4074;92;5149
4075;11;6638
4076;49;8887
4077;89;7401
4078;8;6681
4079;31;5768
4080;83;9024
4081;60;9009
4082;75;1715
4083;8;1036
4084;36;3376
4085;85;8241
4086;34;8868
4087;10;3043
4088;5;3238
4089;48;2963
4090;21;2080
4091;49;5234
4092;38;2235
4093;56;4486
4094;59;3527
4095;73;8376
4096;88;7892
4097;68;5112
4098;68;5071
4099;74;5214
4100;63;4316
4101;55;1278
4102;39;5581
4103;59;9719
4104;52;6476
4105;34;1032
4106;25;7979
4107;16;5055
4108;34;8773
4109;36;2288
4110;76;8832
4111;12;4254
4112;84;5890
4113;12;9049
4114;57;4941
4115;57;6628
4116;81;3065
4117;75;5169
4118;52;9772
4119;24;5484
4120;71;9096
4121;54;8849
4122;15;9121
4123;20;4218
4124;13;8889
4125;19;7433
4126;17;6299
4127;85;7215
4128;34;7312
4129;83;1159
4130;22;4897
4131;80;4769
4132;67;8089
4133;70;3502
4134;56;2966
4135;50;9445
4136;89;8477
4137;36;2081
4138;86;7335
4139;44;5079
4140;9;7003
4141;31;551
4142;26;3657
4143;92;7742
4144;40;1520
4145;99;4261
4146;1;7805
4147;31;2939
4148;94;3250
4149;26;1258
4150;25;8766
4151;97;104
4152;11;4622
4153;34;8284
4154;5;3760
4155;66;2666
4156;33;1599
4157;88;5341
4158;59;5712
4159;65;2016
4160;42;2584
4161;22;7338
4162;2;8888
4163;37;8435
4164;3;2038
4165;7;87
4166;25;1945
4167;43;1062
4168;34;7232
4169;49;7942
4170;63;1872
4171;32;3910
4172;20;8377
4173;97;7087
4174;83;7443
4175;68;6185
4176;81;6474
4177;32;7559
4178;42;5987
4179;76;4464
4180;46;8810
4181;51;6395
4182;51;2026
4183;66;6678
4184;75;2456
4185;94;4899
4186;16;3356
4187;26;8560
4188;7;1308
4189;71;4193
4190;75;2775
4191;63;7836
4192;10;7227
4193;69;1809
4194;87;9956
4195;14;3684
4196;20;6946
4197;63;6313
4198;12;8853
4199;54;7450
4200;91;5480
4201;42;8007
4202;61;279
4203;3;5355
4204;28;4238
4205;7;8215
4206;3;3279
4207;97;2718
4208;54;8911
4209;50;333
4210;19;5215
4211;60;6180
4212;69;1986
4213;67;2660
4214;40;1839
4215;75;9943
4216;13;1989
4217;92;6759
4218;13;3893
4219;86;6364
4220;63;4721
4221;69;6918
4222;11;7008
4223;81;4067
4224;35;2778
4225;3;3389
4226;14;6646
4227;39;9075
4228;77;7230
4229;81;4083
4230;58;3899
4231;85;97
4232;72;9235
4233;57;7190
4234;16;7035
4235;50;6455
4236;89;6779
4237;46;1361
4238;85;3869
4239;49;14
4240;35;2240
4241;7;4631
4242;39;2079
4243;2;5158
4244;19;5258
4245;35;7239
4246;88;3534
4247;92;1883
4248;45;4774
4249;49;4472
4250;40;9373
4251;69;5520
4252;81;3998
4253;96;1291
4254;22;6410
4255;46;4420
4256;40;4661
4257;71;6542
4258;62;1230
4259;47;8561
4260;17;8265
4261;14;9285
4262;91;4427
4263;60;6777
4264;94;5073
4265;72;369
4266;42;30
4267;38;7722
4268;19;6959
4269;65;2938
4270;70;3500
4271;90;5785
4272;7;6509
4273;70;7190
4274;88;5638
4275;62;3096
4276;62;3377
4277;54;7058
4278;48;6839
4279;66;9393
4280;13;6250
4281;39;4677
4282;85;1170
4283;76;9722
4284;51;9250
4285;27;3218
4286;85;7654
4287;36;5120
4288;1;6268
4289;51;4451
4290;96;6827
4291;97;7646
4292;9;2180
4293;49;5600
4294;99;2740
4295;5;277
4296;66;2788
4297;89;2344
4298;36;3549
4299;81;643
4300;62;5099
4301;50;7157
4302;63;6205
4303;47;7310
4304;86;4229
4305;91;6138
4306;4;50
4307;56;5160
4308;56;5368
4309;17;8933
4310;7;2873
4311;38;8522
4312;57;4866
4313;13;8223
4314;15;3844
4315;81;6298
4316;92;7358
4317;16;9160
4318;59;1524
4319;53;3191
4320;71;8414
4321;26;3005
4322;48;7198
4323;14;4105
4324;14;655
4325;73;980
4326;61;247
4327;91;8835
4328;76;3546
4329;95;1276
4330;29;427
4331;46;7987
4332;58;6158
4333;56;1952
4334;20;9551
4335;2;6062
4336;98;5353
4337;20;2258
4338;80;8004
4339;44;2582
4340;32;2030
4341;84;6977
4342;40;981
4343;6;3013
4344;64;5630
4345;67;3589
4346;52;2677
4347;72;1905
4348;27;1697
4349;44;7600
4350;83;3043
4351;37;6344
4352;1;9835
4353;22;9340
4354;68;1223
4355;93;5027
4356;24;3353
4357;96;8689
4358;2;9812
4359;20;8452
4360;71;5315
4361;59;5997
4362;89;1446
4363;35;4889
4364;14;1210
4365;95;2444
4366;86;6515
4367;32;6761
4368;98;9512
4369;59;1167
4370;41;7884
4371;52;8739
4372;63;580
4373;55;4566
4374;11;8362
4375;26;8484
4376;37;3757
4377;78;4184
4378;99;4003
4379;35;8191
4380;92;3724
4381;31;7880
4382;53;4276
4383;54;388
4384;67;4820
4385;1;4943
4386;9;3573
4387;66;3003
4388;50;6323
4389;19;2902
4390;26;2666
4391;48;5160
4392;53;4608
4393;81;1275
4394;79;3775
4395;89;982
4396;61;9948
4397;59;8696
4398;80;8265
4399;11;2878
4400;45;2819
4401;86;4641
4402;50;3609
4403;64;6271
4404;71;3162
4405;41;8980
4406;9;7913
4407;81;5620
4408;50;48
4409;72;8184
4410;22;8222
4411;10;1203
4412;13;3583
4413;92;6192
4414;16;4390
4415;4;122
4416;94;7289
4417;98;2375
4418;66;3721
4419;97;4994
4420;35;4829
4421;53;5220
4422;86;5290
4423;83;2798
4424;61;8321
4425;96;4117
4426;45;7733
4427;59;602
4428;46;9527
4429;11;869
4430;20;5152
4431;64;8461
4432;29;3690
4433;15;9079
4434;84;9035
4435;33;3225
4436;75;2367
4437;20;3434
4438;51;1442
4439;90;3352
4440;25;9063
4441;53;4821
4442;72;4663
4443;67;8878
4444;11;7161
4445;45;713
4446;33;7930
4447;3;1147
4448;84;4842
4449;8;9252
4450;68;3971
4451;30;2104
4452;50;1814
4453;88;7498
4454;2;8148
4455;18;758
4456;60;949
4457;23;7340
4458;87;1513
4459;27;2148
4460;69;9705
4461;12;9874
4462;14;3209
4463;53;5464
4464;47;6060
4465;9;5010
4466;36;2324
4467;73;6466
4468;2;9684
4469;24;1656
4470;28;2036
4471;65;4814
4472;68;6321
4473;84;7934
4474;64;7358
4475;60;3088
4476;91;8523
4477;65;1299
4478;89;6704
4479;4;7175
4480;31;7366
4481;28;7733
4482;14;2866
4483;7;2156
4484;14;9855
4485;20;6537
4486;33;743
4487;10;5346
4488;24;5421
4489;70;4863
4490;46;714
4491;65;117
4492;81;4451
4493;5;4224
4494;87;7779
4495;39;6445
4496;22;9738
4497;42;8321
4498;86;6754
4499;92;4234
4500;38;8377
4501;97;1744
4502;1;992
4503;19;2342
4504;69;9247
4505;7;435
4506;7;3490
4507;14;3544
4508;37;3252
4509;96;94
4510;54;6231
4511;67;9197
4512;58;9262
4513;41;3035
4514;72;1527
4515;9;6703
4516;88;9559
4517;7;6977
4518;2;2179
4519;23;288
4520;30;7673
4521;78;5343
4522;66;2186
4523;56;7229
4524;26;5268
4525;49;9807
4526;77;1839
4527;62;76
4528;81;8148
4529;20;5238
4530;22;5973
4531;52;4080
4532;40;9165
4533;78;7152
4534;44;2821
4535;34;1618
4536;17;1600
4537;10;7798
4538;80;8292
4539;61;8967
4540;98;9190
4541;7;8457
4542;86;3104
4543;84;846
4544;27;7169
4545;57;149
4546;13;4289
4547;71;8128
4548;87;7935
4549;2;5921
4550;59;3450
4551;12;6272
4552;35;2952
4553;30;9291
4554;94;5254
4555;59;987
4556;32;8269
4557;96;3151
4558;58;9693
4559;11;6615
4560;80;7801
4561;31;4430
4562;91;5694
4563;20;7253
4564;88;8577
4565;49;7784
4566;41;4949
4567;69;8480
4568;4;1653
4569;79;8932
4570;61;5316
4571;41;1868
4572;98;3358
4573;91;4804
4574;95;8667
4575;55;3978
4576;79;2128
4577;5;9716
4578;96;9569
4579;32;5777
4580;81;7671
4581;18;4954
4582;14;4410
4583;50;9636
4584;75;9387
4585;95;1701
4586;30;4817
4587;32;6688
4588;60;8382
4589;29;3839
4590;22;5228
4591;99;636
4592;76;6922
4593;70;5580
4594;31;5357
4595;29;4808
4596;91;1861
4597;30;2809
4598;41;1837
4599;17;6656
4600;56;7630
4601;46;2448
4602;99;4913
4603;39;6953
4604;4;2639
4605;41;2545
4606;48;1847
4607;3;4096
4608;46;7370
4609;61;7384
4610;20;3271
4611;34;1231
4612;8;30
4613;44;9291
4614;93;5187
4615;25;6425
4616;40;4354
4617;33;1114
4618;35;5209
4619;81;9451
4620;89;8246
4621;42;4191
4622;28;7437
4623;29;5627
4624;54;4038
4625;3;6142
4626;18;4354
4627;21;6522
4628;42;7752
4629;25;3571
4630;38;976
4631;16;1939
4632;26;3114
4633;35;168
4634;50;1868
4635;76;5963
4636;43;5351
4637;36;4206
4638;28;2901
4639;53;8577
4640;80;5009
4641;49;6096
4642;2;3234
4643;82;3565
4644;63;7845
4645;20;1621
4646;80;5799
4647;69;210
4648;72;7164
4649;44;2189
4650;73;7822
4651;4;2701
4652;66;1542
4653;67;3505
4654;63;1440
4655;82;7605
4656;95;1134
4657;66;2548
4658;1;9164
4659;17;3419
4660;23;2267
4661;12;4582
4662;35;716
4663;11;793
4664;18;2426
4665;24;2509
4666;48;3812
4667;52;7909
4668;80;918
4669;9;4843
4670;48;1588
4671;56;7564
4672;78;8355
4673;72;7277
4674;27;1763
4675;47;4553
4676;33;4700
4677;55;4024
4678;65;3027
4679;46;7965
4680;38;5370
4681;70;8348
4682;31;8690
4683;28;4726
4684;97;5469
4685;69;5906
4686;4;8532
4687;66;5178
4688;13;4066
4689;49;2447
4690;45;2219
4691;51;6618
4692;61;5293
4693;99;961
4694;28;7137
4695;66;818
4696;83;9742
4697;82;1118
4698;34;4331
4699;39;7493
4700;25;5166
4701;58;2586
4702;3;981
4703;53;1314
4704;14;1376
4705;2;9407
4706;32;1897
4707;23;9395
4708;68;3394
4709;96;8100
4710;87;3754
4711;82;5115
4712;37;2923
4713;47;5352
4714;52;9683
4715;49;8037
4716;91;6844
4717;66;5477
4718;68;1738
4719;19;5929
4720;16;6593
4721;90;2319
4722;67;3697
4723;49;8984
4724;43;8911
4725;2;5844
4726;55;2769
4727;22;4013
4728;60;3589
4729;36;6076
4730;35;5902
4731;17;3515
4732;6;861
4733;94;1032
4734;83;1112
4735;13;1971
4736;33;3657
4737;17;1157
4738;45;1766
4739;21;4701
4740;18;4248
4741;46;600
4742;85;4474
4743;57;4187
4744;62;5600
4745;6;7536
4746;53;3329
4747;85;9643
4748;47;51
4749;14;9576
4750;78;4034
4751;48;5475
4752;38;7212
4753;59;6004
4754;86;1260
4755;52;6741
4756;54;3105
4757;6;5057
4758;96;6218
4759;5;4474
4760;52;1312
4761;5;8471
4762;94;5776
4763;71;7369
4764;81;243
4765;55;6216
4766;31;2716
4767;87;30
4768;25;4510
4769;92;4368
4770;83;5383
4771;35;3733
4772;10;7149
4773;41;3492
4774;39;1044
4775;40;4382
4776;13;7337
4777;16;3205
4778;67;5021
4779;1;7640
4780;5;3073
4781;45;3084
4782;30;3019
4783;39;3912
4784;13;1363
4785;48;8733
4786;47;8140
4787;5;7408
4788;95;5906
4789;46;9046
4790;15;2716
4791;92;1595
4792;68;9982
4793;68;6718
4794;39;7087
4795;34;2316
4796;21;6577
4797;59;5416
4798;51;946
4799;50;4292
4800;4;7870
4801;39;895
4802;83;5183
4803;40;5275
4804;84;9922
4805;57;5065
4806;24;2727
4807;64;1108
4808;59;6533
4809;99;2694
4810;54;5063
4811;64;5067
4812;38;1863
4813;39;8960
4814;22;4614
4815;92;1287
4816;95;4549
4817;53;6539
4818;79;4835
4819;76;6890
4820;38;2691
4821;65;3971
4822;57;3688
4823;18;8765
4824;15;7280
4825;98;5554
4826;18;4667
4827;72;9223
4828;10;9319
4829;13;3113
4830;66;9994
4831;54;5557
4832;57;4586
4833;89;8355
4834;99;988
4835;45;5296
4836;70;7607
4837;95;3703
4838;40;6468
4839;79;1964
4840;47;7861
4841;74;4645
4842;47;4463
4843;75;6565
4844;90;901
4845;69;7957
4846;52;370
4847;25;5745
4848;41;5555
4849;78;9405
4850;16;5230
4851;42;4770
4852;25;35
4853;96;4521
4854;98;4654
4855;33;3811
4856;25;2342
4857;30;5939
4858;76;6229
4859;31;2248
4860;29;196
4861;70;9866
4862;29;1331
4863;72;6640
4864;59;82
4865;38;5964
4866;36;8958
4867;4;5748
4868;15;2651
4869;88;7038
4870;87;7355
4871;22;4455
4872;71;9448
4873;51;480
4874;55;4340
4875;26;4997
4876;79;2090
4877;75;7355
4878;47;8528
4879;26;2710
4880;21;6796
4881;7;7908
4882;59;2016
4883;19;3097
4884;33;4947
4885;18;3176
4886;42;8382
4887;22;8571
4888;51;2111
4889;93;8576
4890;80;2701
4891;25;2752
4892;61;5737
4893;38;2796
4894;81;7454
4895;54;6006
4896;6;3877
4897;30;6697
4898;43;503
4899;59;1702
4900;68;2367
4901;78;9437
4902;79;2827
4903;59;5556
4904;73;8399
4905;93;5207
4906;21;4358
4907;14;7100
4908;27;8087
4909;95;2497
4910;39;3152
4911;41;4853
4912;10;4769
4913;7;5488
4914;91;4631
4915;31;8095
4916;70;6899
4917;38;8496
4918;51;7319
4919;58;9398
4920;94;4012
4921;85;3881
4922;95;4883
4923;82;5870
4924;70;1526
4925;34;6287
4926;58;1946
4927;59;550
4928;25;6372
4929;97;2251
4930;52;3989
4931;54;7511
4932;16;947
4933;32;7573
4934;17;2261
4935;66;9492
4936;20;1562
4937;16;5483
4938;19;2199
4939;16;8282
4940;61;9371
4941;51;7352
4942;7;529
4943;32;8511
4944;96;466
4945;97;560
4946;43;1908
4947;54;8067
4948;40;770
4949;52;5264
4950;68;3161
4951;8;3027
4952;6;6829
4953;95;5440
4954;19;8310
4955;33;3539
4956;11;3722
4957;91;642
4958;55;7752
4959;19;1057
4960;16;2894
4961;53;8786
4962;75;8184
4963;86;9287
4964;52;8742
4965;16;9605
4966;7;6648
4967;76;4535
4968;93;8281
4969;30;476
4970;11;3813
4971;5;3870
4972;58;7511
4973;82;6928
4974;59;6612
4975;67;67
4976;70;7054
4977;61;2373
4978;11;5494
4979;82;8694
4980;38;8817
4981;25;1896
4982;43;165
4983;4;9843
4984;8;6145
4985;85;2739
4986;50;7143
4987;50;9247
4988;1;7030
4989;24;3670
4990;27;8120
4991;77;5863
4992;59;5956
4993;19;61
4994;30;5793
4995;10;9237
4996;20;3401
4997;7;8110
4998;46;2709
4999;51;2604
5000;80;4875
5001;50;8105
5002;43;2832
5003;3;8313
5004;34;2299
5005;22;4248
5006;67;4296
5007;73;5954
5008;41;6710
5009;16;5886
5010;14;7022
5011;64;3704
5012;17;5440
5013;41;2410
5014;35;2891
5015;51;2518
5016;87;5161
5017;12;9154
5018;24;2741
5019;43;4641
5020;40;4394
5021;24;6698
5022;51;1289
5023;46;1783
5024;58;6534
5025;25;541
5026;44;8720
5027;84;5506
5028;77;9083
5029;71;3792
5030;21;7100
5031;19;5188
5032;59;5568
5033;44;3139
5034;5;7241
5035;16;5547
5036;87;4134
5037;36;6353
5038;44;7150
5039;28;860
5040;3;1881
5041;14;9452
5042;18;5243
5043;78;1048
5044;86;8270
5045;4;8356
5046;63;8635
5047;80;8267
5048;34;196
5049;3;6511
5050;83;4785
5051;4;8938
5052;76;6789
5053;24;5151
5054;42;9612
5055;34;2306
5056;41;6388
5057;45;7521
5058;86;6132
5059;89;4686
5060;50;9421
5061;82;9290
5062;2;6940
5063;70;2879
5064;76;6905
5065;32;9850
5066;28;9664
5067;92;8259
5068;96;2857
5069;99;3098
5070;88;4054
5071;18;4144
5072;79;9353
5073;15;3279
5074;96;2191
5075;65;2695
5076;69;3820
5077;69;1670
5078;96;2404
5079;66;8499
5080;28;6035
5081;82;4888
5082;14;1675
5083;87;4521
5084;24;7448
5085;2;7333
5086;98;1473
5087;23;1288
5088;10;2925
5089;77;9706
5090;61;7902
5091;72;4296
5092;86;4095
5093;84;2957
5094;43;6662
5095;78;8652
5096;51;5094
5097;39;45
5098;39;6805
5099;34;4546
5100;54;2084
5101;35;3220
5102;56;1104
5103;27;5279
5104;80;6163
5105;98;3526
5106;45;9432
5107;7;1685
5108;7;4042
5109;51;3025
5110;1;4823
5111;82;1006
5112;73;1366
5113;52;8061
5114;10;3474
5115;66;1823
5116;36;2530
5117;40;475
5118;23;9527
5119;86;8376
5120;42;3345
5121;98;9400
5122;49;5438
5123;52;8065
5124;10;784
5125;19;8952
5126;74;9546
5127;98;3692
5128;43;8599
5129;95;5789
5130;69;615
5131;73;3591
5132;70;7974
5133;89;5775
5134;8;6187
5135;85;4792
5136;36;4554
5137;31;2594
5138;44;4294
5139;49;7393
5140;22;151
5141;64;6501
5142;39;9875
5143;19;5083
5144;84;8780
5145;12;9727
5146;17;9543
5147;8;8636
5148;12;1764
5149;34;402
5150;71;8095
5151;66;883
5152;39;5921
5153;36;4666
5154;88;9651
5155;78;4824
5156;87;7217
5157;91;140
5158;4;1799
5159;90;3439
5160;61;2715
5161;90;8313
5162;89;8614
5163;81;3203
5164;10;4448
5165;69;8970
5166;80;951
5167;73;8828
5168;65;6876
5169;62;9507
5170;83;5114
5171;90;7115
5172;10;3715
5173;9;4226
5174;15;1801
5175;34;9195
5176;30;150
5177;36;6174
5178;96;8841
5179;30;336
5180;77;4590
5181;47;346
5182;75;4984
5183;89;5624
5184;21;429
5185;16;2401
5186;30;9022
5187;29;78
5188;64;6834
5189;91;3657
5190;3;4030
5191;17;1588
5192;23;3171
5193;66;1618
5194;32;1476
5195;45;7318
5196;86;2018
5197;19;7078
5198;26;2613
5199;3;885